name,number
crop_m1_I00000.png,9B52145
crop_h1_I00000.png,9B52145
crop_m1_I00001.png,6B94558
crop_h1_I00001.png,6B94558
crop_m1_I00002.png,8B90164
crop_h1_I00002.png,8B90164
crop_m1_I00003.png,5B11181
crop_h1_I00003.png,5B11181
crop_m2_I00000.png,5C48306
crop_h2_I00000.png,5C48306
crop_m2_I00001.png,3B38140
crop_h2_I00001.png,3B38140
crop_m2_I00002.png,4B10036
crop_h2_I00002.png,4B10036
crop_m2_I00003.png,1BD0673
crop_h2_I00003.png,1BD0673
crop_m2_I00004.png,4B50811
crop_h2_I00004.png,4B50811
crop_m2_I00005.png,6B51255
crop_h2_I00005.png,6B51255
crop_m2_I00006.png,4B02466
crop_h2_I00006.png,4B02466
crop_m2_I00007.png,5C65578
crop_h2_I00007.png,5C65578
crop_m2_I00008.png,BZD1223
crop_h2_I00008.png,BZD1223
crop_m2_I00009.png,ZNE2393
crop_h2_I00009.png,ZNE2393
crop_m2_I00010.png,8B02173
crop_h2_I00010.png,8B02173
crop_m2_I00011.png,7B10307
crop_h2_I00011.png,7B10307
crop_m2_I00012.png,9B60464
crop_h2_I00012.png,9B60464
crop_m2_I00013.png,7B91102
crop_h2_I00013.png,7B91102
crop_m2_I00019.png,9B38368
crop_h2_I00019.png,9B38368
crop_m2_I00039.png,2B52739
crop_h2_I00039.png,2B52739
crop_m3_I00000.png,4E02304
crop_h3_I00000.png,4E02304
crop_m3_I00001.png,9B43104
crop_h3_I00001.png,9B43104
crop_m3_I00002.png,BZL4085
crop_h3_I00002.png,BZL4085
crop_m3_I00003.png,7B14095
crop_h3_I00003.png,7B14095
crop_m3_I00004.png,1BA2905
crop_h3_I00004.png,1BA2905
crop_m3_I00005.png,6C71390
crop_h3_I00005.png,6C71390
crop_m3_I00006.png,8B46851
crop_h3_I00006.png,8B46851
crop_m3_I00007.png,6B45495
crop_h3_I00007.png,6B45495
crop_m3_I00008.png,4B82840
crop_h3_I00008.png,4B82840
crop_m3_I00009.png,4M34462
crop_h3_I00009.png,4M34462
crop_m3_I00010.png,6M04291
crop_h3_I00010.png,6M04291
crop_m3_I00011.png,5B05531
crop_h3_I00011.png,5B05531
crop_m3_I00012.png,5Z15057
crop_h3_I00012.png,5Z15057
crop_m3_I00013.png,4Z42407
crop_h3_I00013.png,4Z42407
crop_m3_I00014.png,3S86899
crop_h3_I00014.png,3S86899
crop_m3_I00015.png,9B33297
crop_h3_I00015.png,9B33297
crop_m3_I00016.png,7B66657
crop_h3_I00016.png,7B66657
crop_m3_I00017.png,7B27254
crop_h3_I00017.png,7B27254
crop_m3_I00018.png,4AX9660
crop_h3_I00018.png,4AX9660
crop_m3_I00020.png,1B61178
crop_h3_I00020.png,1B61178
crop_m3_I00021.png,9B88363
crop_h3_I00021.png,9B88363
crop_m3_I00022.png,7B12151
crop_h3_I00022.png,7B12151
crop_m3_I00023.png,7B12151
crop_h3_I00023.png,7B12151
crop_m3_I00024.png,9B30130
crop_h3_I00024.png,9B30130
crop_m3_I00025.png,9B30130
crop_h3_I00025.png,9B30130
crop_m3_I00026.png,1BA1114
crop_h3_I00026.png,1BA1114
crop_m3_I00027.png,9B88363
crop_h3_I00027.png,9B88363
crop_m3_I00028.png,5B06256
crop_h3_I00028.png,5B06256
crop_m4_I00000.png,4M26776
crop_h4_I00000.png,4M26776
crop_m4_I00001.png,1B49951
crop_h4_I00001.png,1B49951
crop_m4_I00002.png,8B91698
crop_h4_I00002.png,8B91698
crop_m4_I00003.png,1BC5138
crop_h4_I00003.png,1BC5138
crop_m4_I00004.png,8T43418
crop_h4_I00004.png,8T43418
crop_m4_I00005.png,LL435JG
crop_h4_I00005.png,LL435JG
crop_m4_I00006.png,8T32290
crop_h4_I00006.png,8T32290
crop_m4_I00007.png,6B48927
crop_h4_I00007.png,6B48927
crop_m4_I00008.png,B13AEB
crop_h4_I00008.png,B13AEB
crop_m4_I00009.png,9B65431
crop_h4_I00009.png,9B65431
crop_m4_I00010.png,FMR4437
crop_h4_I00010.png,FMR4437
crop_m4_I00011.png,3M46918
crop_h4_I00011.png,3M46918
crop_m4_I00012.png,8B70688
crop_h4_I00012.png,8B70688
crop_m4_I00013.png,1BC5191
crop_h4_I00013.png,1BC5191
crop_m4_I00019.png,4B42029
crop_h4_I00019.png,4B42029
crop_m4_I00039.png,BMZ0815
crop_h4_I00039.png,BMZ0815
crop_m4_I00059.png,B8121
crop_h4_I00059.png,B8121
crop_m1_I00004.png,8B79697
crop_h1_I00004.png,8B79697
crop_m1_I00005.png,8B90164
crop_h1_I00005.png,8B90164
crop_m1_I00006.png,5B11181
crop_h1_I00006.png,5B11181
crop_m1_I00007.png,5Z40181
crop_h1_I00007.png,5Z40181
crop_m1_I00008.png,2B20174
crop_h1_I00008.png,2B20174
crop_m1_I00009.png,1B76462
crop_h1_I00009.png,1B76462
crop_m1_I00010.png,BVJ6411
crop_h1_I00010.png,BVJ6411
crop_m1_I00011.png,8B79697
crop_h1_I00011.png,8B79697
crop_m1_I00012.png,BVJ6411
crop_h1_I00012.png,BVJ6411
crop_m1_I00013.png,1B94686
crop_h1_I00013.png,1B94686
crop_m1_I00014.png,4B83940
crop_h1_I00014.png,4B83940
crop_m1_I00015.png,4B83940
crop_h1_I00015.png,4B83940
crop_m1_I00016.png,4B27433
crop_h1_I00016.png,4B27433
crop_m1_I00017.png,5B29737
crop_h1_I00017.png,5B29737
crop_m1_I00018.png,8B88391
crop_h1_I00018.png,8B88391
crop_m1_I00019.png,5B28893
crop_h1_I00019.png,5B28893
crop_m2_I00014.png,1AT5828
crop_h2_I00014.png,1AT5828
crop_m2_I00015.png,7B14349
crop_h2_I00015.png,7B14349
crop_m2_I00016.png,4M98681
crop_h2_I00016.png,4M98681
crop_m2_I00017.png,2B17515
crop_h2_I00017.png,2B17515
crop_m2_I00018.png,BZH8389
crop_h2_I00018.png,BZH8389
crop_m2_I00020.png,8B71401
crop_h2_I00020.png,8B71401
crop_m2_I00021.png,4B20737
crop_h2_I00021.png,4B20737
crop_m2_I00022.png,3B04082
crop_h2_I00022.png,3B04082
crop_m2_I00023.png,1J24813
crop_h2_I00023.png,1J24813
crop_m2_I00024.png,1BC4146
crop_h2_I00024.png,1BC4146
crop_m2_I00025.png,5B77655
crop_h2_I00025.png,5B77655
crop_m2_I00026.png,6B67495
crop_h2_I00026.png,6B67495
crop_m2_I00027.png,BZP2087
crop_h2_I00027.png,BZP2087
crop_m2_I00028.png,5C93988
crop_h2_I00028.png,5C93988
crop_m2_I00029.png,2B65055
crop_h2_I00029.png,2B65055
crop_m2_I00030.png,3AI0851
crop_h2_I00030.png,3AI0851
crop_m2_I00031.png,2SE8601
crop_h2_I00031.png,2SE8601
crop_m2_I00032.png,7B11859
crop_h2_I00032.png,7B11859
crop_m2_I00033.png,3AI0851
crop_h2_I00033.png,3AI0851
crop_m2_I00034.png,8B23170
crop_h2_I00034.png,8B23170
crop_m2_I00035.png,9B84391
crop_h2_I00035.png,9B84391
crop_m2_I00036.png,2B13579
crop_h2_I00036.png,2B13579
crop_m2_I00037.png,5B08436
crop_h2_I00037.png,5B08436
crop_m2_I00038.png,4AF9553
crop_h2_I00038.png,4AF9553
crop_m2_I00040.png,7B00844
crop_h2_I00040.png,7B00844
crop_m2_I00041.png,6B68384
crop_h2_I00041.png,6B68384
crop_m2_I00042.png,7B15714
crop_h2_I00042.png,7B15714
crop_m2_I00043.png,7B29430
crop_h2_I00043.png,7B29430
crop_m2_I00044.png,7B61623
crop_h2_I00044.png,7B61623
crop_m2_I00045.png,2B89928
crop_h2_I00045.png,2B89928
crop_m2_I00046.png,6B67033
crop_h2_I00046.png,6B67033
crop_m2_I00047.png,9B84759
crop_h2_I00047.png,9B84759
crop_m2_I00048.png,1BB8851
crop_h2_I00048.png,1BB8851
crop_m2_I00049.png,6B50430
crop_h2_I00049.png,6B50430
crop_m2_I00050.png,6B00320
crop_h2_I00050.png,6B00320
crop_m2_I00051.png,4B45969
crop_h2_I00051.png,4B45969
crop_m2_I00052.png,7B58307
crop_h2_I00052.png,7B58307
crop_m2_I00053.png,BZC4939
crop_h2_I00053.png,BZC4939
crop_m2_I00054.png,1BB6338
crop_h2_I00054.png,1BB6338
crop_m2_I00055.png,1BA0888
crop_h2_I00055.png,1BA0888
crop_m2_I00056.png,9B49365
crop_h2_I00056.png,9B49365
crop_m2_I00057.png,6B26050
crop_h2_I00057.png,6B26050
crop_m2_I00058.png,8B64702
crop_h2_I00058.png,8B64702
crop_m2_I00059.png,3Z63187
crop_h2_I00059.png,3Z63187
crop_m2_I00060.png,4AZ3802
crop_h2_I00060.png,4AZ3802
crop_m2_I00061.png,7B57267
crop_h2_I00061.png,7B57267
crop_m2_I00062.png,2Z52689
crop_h2_I00062.png,2Z52689
crop_m2_I00063.png,6B88304
crop_h2_I00063.png,6B88304
crop_m2_I00064.png,4E02304
crop_h2_I00064.png,4E02304
crop_m2_I00065.png,7B40988
crop_h2_I00065.png,7B40988
crop_m2_I00066.png,7B94261
crop_h2_I00066.png,7B94261
crop_m2_I00067.png,5B11149
crop_h2_I00067.png,5B11149
crop_m2_I00068.png,2B74289
crop_h2_I00068.png,2B74289
crop_m2_I00069.png,9B64064
crop_h2_I00069.png,9B64064
crop_m2_I00070.png,1B85815
crop_h2_I00070.png,1B85815
crop_m2_I00071.png,7B98453
crop_h2_I00071.png,7B98453
crop_m2_I00072.png,9B59729
crop_h2_I00072.png,9B59729
crop_m2_I00073.png,5B11149
crop_h2_I00073.png,5B11149
crop_m2_I00074.png,5B11300
crop_h2_I00074.png,5B11300
crop_m2_I00075.png,1BA3428
crop_h2_I00075.png,1BA3428
crop_m2_I00076.png,1BD0679
crop_h2_I00076.png,1BD0679
crop_m2_I00077.png,5B82908
crop_h2_I00077.png,5B82908
crop_m3_I00019.png,3B60372
crop_h3_I00019.png,3B60372
crop_m3_I00029.png,1BA1114
crop_h3_I00029.png,1BA1114
crop_m3_I00030.png,9B30034
crop_h3_I00030.png,9B30034
crop_m3_I00031.png,5B20773
crop_h3_I00031.png,5B20773
crop_m3_I00032.png,8B26229
crop_h3_I00032.png,8B26229
crop_m3_I00033.png,1B37208
crop_h3_I00033.png,1B37208
crop_m3_I00034.png,2Z52689
crop_h3_I00034.png,2Z52689
crop_m3_I00035.png,2B46175
crop_h3_I00035.png,2B46175
crop_m3_I00036.png,7B63766
crop_h3_I00036.png,7B63766
crop_m3_I00037.png,B0L3403
crop_h3_I00037.png,B0L3403
crop_m3_I00038.png,2B57127
crop_h3_I00038.png,2B57127
crop_m3_I00039.png,1BC6703
crop_h3_I00039.png,1BC6703
crop_m3_I00040.png,7B11607
crop_h3_I00040.png,7B11607
crop_m3_I00041.png,4B07003
crop_h3_I00041.png,4B07003
crop_m3_I00042.png,8B53308
crop_h3_I00042.png,8B53308
crop_m3_I00043.png,9B13973
crop_h3_I00043.png,9B13973
crop_m3_I00044.png,5B57928
crop_h3_I00044.png,5B57928
crop_m3_I00045.png,5B99527
crop_h3_I00045.png,5B99527
crop_m3_I00046.png,9B83305
crop_h3_I00046.png,9B83305
crop_m3_I00047.png,3SA6413
crop_h3_I00047.png,3SA6413
crop_m3_I00048.png,4AF9553
crop_h3_I00048.png,4AF9553
crop_m3_I00049.png,1Z35206
crop_h3_I00049.png,1Z35206
crop_m3_I00050.png,8B41958
crop_h3_I00050.png,8B41958
crop_m3_I00051.png,3Z63187
crop_h3_I00051.png,3Z63187
crop_m3_I00052.png,2SZ4642
crop_h3_I00052.png,2SZ4642
crop_m3_I00053.png,6B89358
crop_h3_I00053.png,6B89358
crop_m3_I00054.png,2B38280
crop_h3_I00054.png,2B38280
crop_m3_I00055.png,6B34859
crop_h3_I00055.png,6B34859
crop_m3_I00056.png,4B76148
crop_h3_I00056.png,4B76148
crop_m3_I00057.png,8B81013
crop_h3_I00057.png,8B81013
crop_m3_I00058.png,7B88517
crop_h3_I00058.png,7B88517
crop_m3_I00059.png,1B27247
crop_h3_I00059.png,1B27247
crop_m3_I00060.png,BZP6480
crop_h3_I00060.png,BZP6480
crop_m3_I00061.png,1BA8370
crop_h3_I00061.png,1BA8370
crop_m3_I00062.png,BZP6480
crop_h3_I00062.png,BZP6480
crop_m3_I00063.png,5J04027
crop_h3_I00063.png,5J04027
crop_m3_I00064.png,7B65585
crop_h3_I00064.png,7B65585
crop_m3_I00065.png,9B91420
crop_h3_I00065.png,9B91420
crop_m3_I00066.png,8B60552
crop_h3_I00066.png,8B60552
crop_m3_I00067.png,5B38434
crop_h3_I00067.png,5B38434
crop_m3_I00068.png,7B44167
crop_h3_I00068.png,7B44167
crop_m3_I00069.png,3B41980
crop_h3_I00069.png,3B41980
crop_m3_I00070.png,8B69588
crop_h3_I00070.png,8B69588
crop_m3_I00071.png,2AX4938
crop_h3_I00071.png,2AX4938
crop_m3_I00072.png,7B30135
crop_h3_I00072.png,7B30135
crop_m3_I00073.png,2AX4938
crop_h3_I00073.png,2AX4938
crop_m3_I00074.png,5B77379
crop_h3_I00074.png,5B77379
crop_m3_I00075.png,7B73485
crop_h3_I00075.png,7B73485
crop_m3_I00076.png,BZL3400
crop_h3_I00076.png,BZL3400
crop_m3_I00077.png,4B60620
crop_h3_I00077.png,4B60620
crop_m3_I00078.png,3B09932
crop_h3_I00078.png,3B09932
crop_m3_I00079.png,8T77462
crop_h3_I00079.png,8T77462
crop_m3_I00080.png,9T19202
crop_h3_I00080.png,9T19202
crop_m3_I00081.png,9B45193
crop_h3_I00081.png,9B45193
crop_m3_I00082.png,1B70230
crop_h3_I00082.png,1B70230
crop_m3_I00083.png,8B47318
crop_h3_I00083.png,8B47318
crop_m3_I00084.png,1BI2138
crop_h3_I00084.png,1BI2138
crop_m3_I00085.png,7B46204
crop_h3_I00085.png,7B46204
crop_m3_I00086.png,5B23615
crop_h3_I00086.png,5B23615
crop_m3_I00087.png,2B76686
crop_h3_I00087.png,2B76686
crop_m3_I00088.png,8B03653
crop_h3_I00088.png,8B03653
crop_m3_I00089.png,1E59706
crop_h3_I00089.png,1E59706
crop_m3_I00090.png,1BB9110
crop_h3_I00090.png,1BB9110
crop_m3_I00091.png,5B24546
crop_h3_I00091.png,5B24546
crop_m3_I00092.png,9B29274
crop_h3_I00092.png,9B29274
crop_m3_I00093.png,9B13772
crop_h3_I00093.png,9B13772
crop_m3_I00094.png,8B77932
crop_h3_I00094.png,8B77932
crop_m3_I00095.png,2B97325
crop_h3_I00095.png,2B97325
crop_m3_I00096.png,7B76600
crop_h3_I00096.png,7B76600
crop_m3_I00097.png,9B98777
crop_h3_I00097.png,9B98777
crop_m3_I00098.png,2B75836
crop_h3_I00098.png,2B75836
crop_m3_I00099.png,8B22920
crop_h3_I00099.png,8B22920
crop_m3_I00100.png,1B05002
crop_h3_I00100.png,1B05002
crop_m3_I00101.png,7B31947
crop_h3_I00101.png,7B31947
crop_m3_I00102.png,9B14015
crop_h3_I00102.png,9B14015
crop_m3_I00103.png,BZL5685
crop_h3_I00103.png,BZL5685
crop_m3_I00104.png,2E67175
crop_h3_I00104.png,2E67175
crop_m3_I00105.png,7B35438
crop_h3_I00105.png,7B35438
crop_m3_I00106.png,3K29729
crop_h3_I00106.png,3K29729
crop_m3_I00107.png,4B96914
crop_h3_I00107.png,4B96914
crop_m3_I00108.png,8B86266
crop_h3_I00108.png,8B86266
crop_m3_I00109.png,6B03119
crop_h3_I00109.png,6B03119
crop_m3_I00110.png,8B86266
crop_h3_I00110.png,8B86266
crop_m3_I00111.png,7B34216
crop_h3_I00111.png,7B34216
crop_m3_I00112.png,8T84065
crop_h3_I00112.png,8T84065
crop_m3_I00113.png,4AC5710
crop_h3_I00113.png,4AC5710
crop_m3_I00114.png,1BC1046
crop_h3_I00114.png,1BC1046
crop_m3_I00115.png,8B62184
crop_h3_I00115.png,8B62184
crop_m3_I00116.png,3B60854
crop_h3_I00116.png,3B60854
crop_m3_I00117.png,4B64261
crop_h3_I00117.png,4B64261
crop_m3_I00118.png,4B86157
crop_h3_I00118.png,4B86157
crop_m3_I00119.png,4B82295
crop_h3_I00119.png,4B82295
crop_m3_I00120.png,4B22781
crop_h3_I00120.png,4B22781
crop_m3_I00121.png,7B72729
crop_h3_I00121.png,7B72729
crop_m3_I00122.png,BMZ3933
crop_h3_I00122.png,BMZ3933
crop_m3_I00123.png,BZB1922
crop_h3_I00123.png,BZB1922
crop_m3_I00124.png,2M25948
crop_h3_I00124.png,2M25948
crop_m3_I00125.png,7B30788
crop_h3_I00125.png,7B30788
crop_m3_I00126.png,7B90990
crop_h3_I00126.png,7B90990
crop_m3_I00127.png,6B70990
crop_h3_I00127.png,6B70990
crop_m3_I00128.png,7B75285
crop_h3_I00128.png,7B75285
crop_m3_I00129.png,3B25229
crop_h3_I00129.png,3B25229
crop_m3_I00130.png,7B59066
crop_h3_I00130.png,7B59066
crop_m3_I00131.png,7B14095
crop_h3_I00131.png,7B14095
crop_m3_I00132.png,7B89545
crop_h3_I00132.png,7B89545
crop_m3_I00133.png,8B66512
crop_h3_I00133.png,8B66512
crop_m3_I00134.png,1BB7325
crop_h3_I00134.png,1BB7325
crop_m3_I00135.png,2B73768
crop_h3_I00135.png,2B73768
crop_m3_I00136.png,6B24616
crop_h3_I00136.png,6B24616
crop_m3_I00137.png,5B26675
crop_h3_I00137.png,5B26675
crop_m3_I00138.png,7B78280
crop_h3_I00138.png,7B78280
crop_m3_I00139.png,5H68504
crop_h3_I00139.png,5H68504
crop_m3_I00140.png,9B86906
crop_h3_I00140.png,9B86906
crop_m4_I00014.png,1BC0525
crop_h4_I00014.png,1BC0525
crop_m4_I00015.png,3B37902
crop_h4_I00015.png,3B37902
crop_m4_I00016.png,3B88729
crop_h4_I00016.png,3B88729
crop_m4_I00017.png,1BB8887
crop_h4_I00017.png,1BB8887
crop_m4_I00018.png,5B97425
crop_h4_I00018.png,5B97425
crop_m4_I00020.png,1B87819
crop_h4_I00020.png,1B87819
crop_m4_I00021.png,5B97425
crop_h4_I00021.png,5B97425
crop_m4_I00022.png,5B29670
crop_h4_I00022.png,5B29670
crop_m4_I00023.png,7B27150
crop_h4_I00023.png,7B27150
crop_m4_I00024.png,4AT7962
crop_h4_I00024.png,4AT7962
crop_m4_I00025.png,7B08199
crop_h4_I00025.png,7B08199
crop_m4_I00026.png,7B14156
crop_h4_I00026.png,7B14156
crop_m4_I00027.png,5M56740
crop_h4_I00027.png,5M56740
crop_m4_I00028.png,5M56740
crop_h4_I00028.png,5M56740
crop_m4_I00029.png,7B14156
crop_h4_I00029.png,7B14156
crop_m4_I00030.png,9T33663
crop_h4_I00030.png,9T33663
crop_m4_I00031.png,B8547
crop_h4_I00031.png,B8547
crop_m4_I00032.png,7B31505
crop_h4_I00032.png,7B31505
crop_m4_I00033.png,DT612BC
crop_h4_I00033.png,DT612BC
crop_m4_I00034.png,7B32443
crop_h4_I00034.png,7B32443
crop_m4_I00035.png,7B30332
crop_h4_I00035.png,7B30332
crop_m4_I00036.png,1BD4657
crop_h4_I00036.png,1BD4657
crop_m4_I00037.png,6B28800
crop_h4_I00037.png,6B28800
crop_m4_I00038.png,3T16754
crop_h4_I00038.png,3T16754
crop_m4_I00040.png,3B95265
crop_h4_I00040.png,3B95265
crop_m4_I00041.png,6B23451
crop_h4_I00041.png,6B23451
crop_m4_I00042.png,9B54817
crop_h4_I00042.png,9B54817
crop_m4_I00043.png,8B10162
crop_h4_I00043.png,8B10162
crop_m4_I00044.png,3B48296
crop_h4_I00044.png,3B48296
crop_m4_I00045.png,2Z96418
crop_h4_I00045.png,2Z96418
crop_m4_I00046.png,2E73609
crop_h4_I00046.png,2E73609
crop_m4_I00047.png,8B10732
crop_h4_I00047.png,8B10732
crop_m4_I00048.png,BZE7277
crop_h4_I00048.png,BZE7277
crop_m4_I00049.png,9B43101
crop_h4_I00049.png,9B43101
crop_m4_I00050.png,4B01832
crop_h4_I00050.png,4B01832
crop_m4_I00051.png,1B07846
crop_h4_I00051.png,1B07846
crop_m4_I00052.png,4B56396
crop_h4_I00052.png,4B56396
crop_m4_I00053.png,9B78701
crop_h4_I00053.png,9B78701
crop_m4_I00054.png,BZJ2909
crop_h4_I00054.png,BZJ2909
crop_m4_I00055.png,9B46988
crop_h4_I00055.png,9B46988
crop_m4_I00056.png,5H85564
crop_h4_I00056.png,5H85564
crop_m4_I00057.png,3AJ8930
crop_h4_I00057.png,3AJ8930
crop_m4_I00058.png,BZ04966
crop_h4_I00058.png,BZ04966
crop_m4_I00060.png,4B83172
crop_h4_I00060.png,4B83172
crop_m4_I00061.png,1BI1710
crop_h4_I00061.png,1BI1710
crop_m4_I00062.png,3B60832
crop_h4_I00062.png,3B60832
crop_m4_I00063.png,2B45270
crop_h4_I00063.png,2B45270
crop_m4_I00064.png,6B84949
crop_h4_I00064.png,6B84949
crop_m4_I00065.png,6B84949
crop_h4_I00065.png,6B84949
crop_m4_I00066.png,3B75763
crop_h4_I00066.png,3B75763
crop_m4_I00067.png,8T52099
crop_h4_I00067.png,8T52099
crop_m4_I00068.png,2AB5896
crop_h4_I00068.png,2AB5896
crop_m4_I00069.png,4B46694
crop_h4_I00069.png,4B46694
crop_m4_I00070.png,4B84489
crop_h4_I00070.png,4B84489
crop_m4_I00071.png,BZN1065
crop_h4_I00071.png,BZN1065
crop_m4_I00072.png,2AN1991
crop_h4_I00072.png,2AN1991
crop_m4_I00073.png,SI625BC
crop_h4_I00073.png,SI625BC
crop_m4_I00074.png,9B36205
crop_h4_I00074.png,9B36205
crop_m4_I00075.png,9B13198
crop_h4_I00075.png,9B13198
crop_m4_I00076.png,8B68508
crop_h4_I00076.png,8B68508
crop_m4_I00077.png,8B68508
crop_h4_I00077.png,8B68508
crop_m4_I00078.png,9B14541
crop_h4_I00078.png,9B14541
crop_m4_I00079.png,BZ05042
crop_h4_I00079.png,BZ05042
crop_m4_I00080.png,BZI0346
crop_h4_I00080.png,BZI0346
crop_m4_I00081.png,3B30411
crop_h4_I00081.png,3B30411
crop_m4_I00082.png,6B48288
crop_h4_I00082.png,6B48288
crop_m4_I00083.png,9B85289
crop_h4_I00083.png,9B85289
crop_m4_I00084.png,2B90178
crop_h4_I00084.png,2B90178
crop_m4_I00085.png,7B59839
crop_h4_I00085.png,7B59839
crop_m4_I00086.png,7B11123
crop_h4_I00086.png,7B11123
