name,number,pred_number
crop_m1_I00012.png,BVJ6411,IvW6-11
crop_h2_I00025.png,5B77655,8242
crop_h2_I00029.png,2B65055,5341
crop_m3_I00006.png,8B46851,8BI6851
crop_h3_I00015.png,9B33297,49Be3297
crop_h4_I00064.png,6B84949,.6B81949
crop_h1_I00000.png,9B52145,9B52145
crop_m3_I00009.png,4M34462,4M3L62
crop_h2_I00003.png,1BD0673,18d10870
crop_h2_I00015.png,7B14349,.7B14349
crop_h4_I00036.png,1BD4657,IBD46577
crop_m3_I00127.png,6B70990,.6B70990
crop_m3_I00110.png,8B86266,EBB6256
crop_m2_I00043.png,7B29430,7B294.30
crop_m2_I00032.png,7B11859,3640
crop_h3_I00131.png,7B14095,.7B14095
crop_m3_I00069.png,3B41980,19803B4:
crop_h3_I00036.png,7B63766,7B63766
crop_h3_I00135.png,2B73768,4055
crop_m3_I00023.png,7B12151,7B12151
crop_m4_I00035.png,7B30332,VBS0932)
crop_m3_I00117.png,4B64261,aDSL4t
crop_h4_I00057.png,3AJ8930,893034J
crop_m1_I00014.png,4B83940,4B83940
crop_h2_I00024.png,1BC4146,1BC4146
crop_h3_I00049.png,1Z35206,5329
crop_h4_I00077.png,8B68508,8BG3508
crop_m3_I00015.png,9B33297,5280
crop_m3_I00105.png,7B35438,1B35438
crop_m2_I00003.png,1BD0673,18D0671
crop_h4_I00002.png,8B91698,18B91698
crop_h2_I00047.png,9B84759,9BBL789
crop_m3_I00044.png,5B57928,5851928
crop_h4_I00006.png,8T32290,2290J8T3
crop_m2_I00076.png,1BD0679,1BD0679
crop_m3_I00124.png,2M25948,2M25948
crop_m3_I00042.png,8B53308,IBB53308
crop_m3_I00111.png,7B34216,.7B34216
crop_m3_I00037.png,B0L3403,to-DisKoni..34-0:
crop_m4_I00068.png,2AB5896,2AB5896
crop_m3_I00060.png,BZP6480,BZP64-80
crop_h3_I00025.png,9B30130,9B30130
crop_m2_I00018.png,BZH8389,I7HB8e9
crop_m2_I00015.png,7B14349,6130
crop_m4_I00071.png,BZN1065,B2I10:45
crop_m3_I00053.png,6B89358,5B89358
crop_m3_I00108.png,8B86266,.8e>0266
crop_h4_I00073.png,SI625BC,S/e62580
crop_m3_I00025.png,9B30130,9B30130
crop_m4_I00081.png,3B30411,3B3111
crop_h4_I00058.png,BZ04966,BZ049-66
crop_h3_I00062.png,BZP6480,BZP64-80
crop_h3_I00107.png,4B96914,LB986914
crop_h2_I00020.png,8B71401,11974
crop_h2_I00072.png,9B59729,9B59729
crop_m2_I00046.png,6B67033,6861093
crop_h3_I00054.png,2B38280,2838280
crop_m3_I00091.png,5B24546,5B24546:
crop_m2_I00057.png,6B26050,6732
crop_m3_I00026.png,1BA1114,IBA1114
crop_h3_I00001.png,9B43104,IBL310L
crop_m4_I00013.png,1BC5191,IBC5191
crop_h3_I00129.png,3B25229,3823.1522
crop_h3_I00014.png,3S86899,3S86899
crop_m3_I00077.png,4B60620,4B60620
crop_h3_I00084.png,1BI2138,1BI21381
crop_m2_I00047.png,9B84759,3747
crop_m1_I00006.png,5B11181,5B1ma1
crop_h3_I00090.png,1BB9110,1BB9110
crop_h2_I00034.png,8B23170,31883
crop_m4_I00073.png,SI625BC,wjspeeds[/e625BC
crop_h3_I00053.png,6B89358,SB89358
crop_h4_I00059.png,B8121,16121
crop_h2_I00059.png,3Z63187,318743z6
crop_h2_I00040.png,7B00844,844.78
crop_h2_I00019.png,9B38368,9349
crop_m2_I00029.png,2B65055,5341
crop_m3_I00021.png,9B88363,9B88363
crop_h2_I00030.png,3AI0851,3Al0851
crop_h3_I00052.png,2SZ4642,46422S2
crop_m4_I00066.png,3B75763,3B75763
crop_m3_I00099.png,8B22920,[8B22920
crop_h4_I00044.png,3B48296,
crop_h3_I00108.png,8B86266,33e$6e
crop_m3_I00132.png,7B89545,7B89545
crop_h4_I00062.png,3B60832,3860832:
crop_h2_I00023.png,1J24813,4945
crop_h2_I00065.png,7B40988,.7B40988
crop_h3_I00048.png,4AF9553,LAF9553
crop_m2_I00061.png,7B57267,726717B5
crop_h4_I00065.png,6B84949,6B84949
crop_h4_I00003.png,1BC5138,IBC5138
crop_h3_I00038.png,2B57127,7412
crop_m4_I00084.png,2B90178,2B90178
crop_h2_I00016.png,4M98681,4M986813
crop_m2_I00000.png,5C48306,5CL8306
crop_m2_I00021.png,4B20737,4B207371
crop_h4_I00000.png,4M26776,4M267761
crop_h2_I00067.png,5B11149,15B11149
crop_h3_I00091.png,5B24546,5B24546:
crop_m3_I00123.png,BZB1922,BZB19:221
crop_h3_I00116.png,3B60854,
crop_h4_I00011.png,3M46918,3M46918
crop_h3_I00117.png,4B64261,476a6
crop_h3_I00132.png,7B89545,.7B89545
crop_m3_I00027.png,9B88363,9BB8063
crop_m4_I00069.png,4B46694,
crop_m4_I00041.png,6B23451,6B23457
crop_m3_I00067.png,5B38434,5B38434
crop_m3_I00109.png,6B03119,6B083119
crop_m4_I00028.png,5M56740,674016115
crop_m2_I00075.png,1BA3428,IBA3428
crop_h3_I00097.png,9B98777,9B9'88777
crop_h4_I00060.png,4B83172,4883172
crop_m4_I00031.png,B8547,IB8547
